{
    "accuracy": 0.7922077922077922,
    "precision": 0.7857142857142857,
    "recall": 0.9821428571428571,
    "f1_score": 0.873015873015873
}